# label, type1, x1, y1, type2, x2, y2, ...
11_2__lqS_I,0,2621.6833,-3731825.2,1,2595.9404,-3731768.2
11_2__lqS_gC,0,-847.15985,-3727469.5,1,-830.17914,-3727551.5
11_2__lqS_,0,-2.2283597,-3729692.5,1,15.6463995,-3729766.8
11_2__lqS_,0,-2.2283597,-3729692.5,1,15.6463995,-3729766.8
11_2__lqS_gC,0,-847.15985,-3727469.5,1,-830.17914,-3727551.5
11_2__lqS_I,0,2621.6833,-3731825.2,1,2595.9404,-3731768.2
