# label, type1, x1, y1, type2, x2, y2, ...
国道482号,0,175.48773,-3924415.2,1,-40.14456,-3925065.8,1,-143.9721,-3925256.5,1,-59.833252,-3925489.5,1,-74.33159,-3925548.8,1,-209.73767,-3925766.0,1,-192.56029,-3925937.8,1,-20.871601,-3925916.0,1,29.400267,-3925768.2,1,249.42569,-3925746.8
郡家鹿野気高線,0,221.4448,-3926158.5,1,278.9728,-3926278.8
国道29号,0,1070.3384,-3927253.0,1,1521.2056,-3926673.0,1,1745.9104,-3926599.0,1,1925.0334,-3926620.0,1,2070.2986,-3926488.5
国道482号,0,249.42569,-3925746.8,1,792.1636,-3925584.2,1,1610.6105,-3925166.0,1,1687.8519,-3925183.2,1,1813.5426,-3925065.2,1,2038.6469,-3925043.8,1,2247.755,-3925192.8,1,2784.806,-3925110.8,1,3147.547,-3924726.8,1,3480.4426,-3924539.0,1,3563.707,-3924250.8,1,3617.42,-3924072.0,1,3603.3713,-3923955.5,1,3688.3584,-3923790.5,1,4055.7637,-3923489.8,1,4594.45,-3923852.0
郡家鹿野気高線,0,280.68085,-3926309.5,1,278.9728,-3926278.8
郡家鹿野気高線,0,97.843124,-3925764.5,1,160.49898,-3925977.0
津山智頭八東線,0,6687.021,-3916555.0,1,6602.5034,-3916405.5,1,6523.028,-3916348.0,1,6479.16,-3916011.2,1,6475.7974,-3915949.8,1,6389.591,-3915769.5,1,6169.786,-3915473.0,1,6091.9824,-3915446.2
郡家鹿野気高線,0,47.14472,-3925767.2,1,97.843124,-3925764.5
郡家鹿野気高線,0,-1366.9373,-3926400.5,1,-1265.5438,-3926395.0,1,-1044.2594,-3926259.2,1,-920.9408,-3926190.8
郡家鹿野気高線,0,-920.9408,-3926190.8,1,-873.6671,-3926126.5,1,-770.5605,-3926151.8,1,-197.80101,-3925935.0,1,-47.416695,-3925895.8,1,20.0869,-3925738.0,1,47.14472,-3925767.2
国道482号,0,-191.00255,-3923174.0,1,-27.449688,-3923325.5,1,118.12828,-3923382.2
国道29号,0,3043.3606,-3925694.8,1,3423.4648,-3925211.2,1,3619.4688,-3925077.2
国道482号,0,175.48773,-3924415.2,1,246.83669,-3924143.0,1,191.47005,-3923970.2,1,214.3598,-3923787.0,1,211.94449,-3923377.0,1,118.12828,-3923382.2
郡家鹿野気高線,0,160.49898,-3925977.0,1,221.4448,-3926158.5
郡家鹿野気高線,0,-1970.1547,-3926526.5,1,-1366.9373,-3926400.5
