# label, type1, x1, y1, type2, x2, y2, ...
11_2__{qS_S,0,1633.2859,-3929734.8,1,1608.9102,-3929809.8
11_2__{qS_S,0,1633.2859,-3929734.8,1,1608.9102,-3929809.8
12_5__S_ZO,0,215.89836,-3927166.2,1,239.55287,-3927241.0
12_5__S_ZO,0,215.89836,-3927166.2,1,239.55287,-3927241.0
11_2__{qS_͌,0,-1992.9313,-3926472.0,1,-1856.104,-3926442.0
12_5__S_S,0,747.9476,-3928078.2,1,652.8211,-3927937.5
12_5__S_S,0,747.9476,-3928078.2,1,652.8211,-3927937.5
11_2__{qS_͌,0,-1992.9313,-3926472.0,1,-1856.104,-3926442.0
