# label, type1, x1, y1, type2, x2, y2, ...
çëìπ250çÜ,0,-1229.7994,-3852840.5,1,-1103.7213,-3852802.8
çëìπ250çÜ,0,860.2157,-3854054.0,1,446.48846,-3853983.8
çëìπ250çÜ,0,1663.7554,-3854226.5,1,2145.7725,-3854139.0,1,2276.8157,-3854193.8,1,2573.3833,-3853992.8,1,2699.4458,-3853955.0
çëìπ250çÜ,0,384.8201,-3852845.8,1,251.53146,-3853223.2,1,230.98526,-3853316.8
çëìπ250çÜ,0,-1500.3524,-3852577.5,1,-1309.7932,-3852783.0,1,-1229.7994,-3852840.5
çëìπ250çÜ,0,860.2157,-3854054.0,1,1226.171,-3854188.5
çëìπ250çÜ,0,-2013.045,-3852574.2,1,-1839.2083,-3852472.5,1,-1582.0232,-3852489.2,1,-1500.3524,-3852577.5
çëìπ250çÜ,0,-3350.915,-3852431.0,1,-3119.2666,-3852449.2,1,-2520.7183,-3852663.5,1,-2316.3088,-3852652.5,1,-2110.2258,-3852672.2,1,-2013.045,-3852574.2
çëìπ250çÜ,0,446.48846,-3853983.8,1,392.06277,-3853925.0,1,361.51538,-3853834.0,1,327.63327,-3853681.8
çëìπ250çÜ,0,-1103.7213,-3852802.8,1,-975.97186,-3852795.8,1,-596.06445,-3852713.8,1,-498.873,-3852616.0,1,-343.90405,-3852638.5,1,-258.91165,-3852788.0,1,-3.417813,-3852774.2,1,384.8201,-3852845.8
çëìπ250çÜ,0,1226.171,-3854188.5,1,1330.0138,-3854213.8
çëìπ250çÜ,0,-3783.627,-3852485.2,1,-3350.915,-3852431.0
çëìπ250çÜ,0,327.63327,-3853681.8,1,264.869,-3853469.2,1,230.98526,-3853316.8
çëìπ250çÜ,0,1330.0138,-3854213.8,1,1461.0641,-3854268.2,1,1663.7554,-3854226.5
