# label, type1, x1, y1, type2, x2, y2, ...
12_5__S_,0,2384.7043,-3925243.2,1,2286.0815,-3925254.0
12_5__S_,0,2384.7043,-3925243.2,1,2286.0815,-3925254.0
12_5__S_D,0,502.04327,-3926039.5,1,386.28772,-3926093.0
12_5__S_D,0,502.04327,-3926039.5,1,386.28772,-3926093.0
