# label, type1, x1, y1, type2, x2, y2, ...
΋g,0,7017.1167,-3783237.2,1,6914.186,-3783242.8,1,6679.3745,-3783193.2
rc,0,2162.0347,-3782627.2,1,1872.4318,-3782519.0
΋g,0,4315.9585,-3782853.8,1,4053.7554,-3782775.0
318,0,1392.8213,-3781745.5,1,1267.1205,-3781320.5,1,1336.225,-3781162.5
rc,0,1503.9812,-3782384.2,1,1293.1998,-3782302.8,1,852.3877,-3782264.2
318,0,1708.5024,-3782836.0,1,1594.1869,-3782626.2,1,1503.9812,-3782384.2
΋g,0,6679.3745,-3783193.2,1,6109.3784,-3783099.5
rc,0,3617.863,-3782828.5,1,4053.7554,-3782775.0
rc,0,3617.863,-3782828.5,1,2895.633,-3782835.5,1,2162.0347,-3782627.2
318,0,1357.0953,-3781069.0,1,1492.0685,-3780691.8
g,0,6045.0024,-3781869.5,1,5940.445,-3781844.0,1,5657.497,-3781861.8,1,5581.8955,-3781896.5,1,5350.2603,-3781908.8
rc,0,5718.5396,-3783027.2,1,5433.852,-3783011.2,1,4785.649,-3782952.8,1,4315.9585,-3782853.8
΋g,0,5718.5396,-3783027.2,1,5433.852,-3783011.2,1,4785.649,-3782952.8,1,4315.9585,-3782853.8
g,0,4861.249,-3781934.2,1,4631.2246,-3781977.0,1,4502.5366,-3781983.8,1,4346.4956,-3781961.0,1,4156.6396,-3781786.0,1,3998.978,-3781732.5
318,0,1336.225,-3781162.5,1,1357.0953,-3781069.0
΋g,0,3617.863,-3782828.5,1,4053.7554,-3782775.0
΋g,0,6109.3784,-3783099.5,1,5718.5396,-3783027.2
rc,0,6135.1343,-3783591.5,1,6139.9634,-3783683.8
rc,0,4315.9585,-3782853.8,1,4053.7554,-3782775.0
rc,0,6109.3784,-3783099.5,1,5718.5396,-3783027.2
g,0,3998.978,-3781732.5,1,3611.2805,-3781721.8,1,3379.6301,-3781734.0,1,2583.3364,-3781806.5,1,2269.6006,-3781730.5,1,1653.4686,-3781793.5,1,1392.8213,-3781745.5
rc,0,1872.4318,-3782519.0,1,1503.9812,-3782384.2
g,0,5350.2603,-3781908.8,1,5043.024,-3781955.5,1,4861.249,-3781934.2
318,0,1492.0685,-3780691.8,1,1561.1829,-3780534.0
rc,0,6109.3784,-3783099.5,1,6135.1343,-3783591.5
rc,0,852.3877,-3782264.2,1,514.5243,-3782220.2,1,257.12952,-3782234.0,1,22.215845,-3782184.5
318,0,1460.5408,-3782050.5,1,1392.8213,-3781745.5
g,0,7219.848,-3782178.5,1,6856.337,-3782135.5,1,6718.015,-3781957.8,1,6178.5137,-3781955.0,1,6045.0024,-3781869.5
318,0,1503.9812,-3782384.2,1,1460.5408,-3782050.5
