# label, type1, x1, y1, type2, x2, y2, ...
津田川島線,0,-2388.7373,-3779076.5,1,-1952.6293,-3779022.8,1,-1904.3965,-3778958.5,1,-1751.5315,-3778919.5
国道192号,0,-3316.6257,-3778138.8,1,-2574.7075,-3778007.0,1,-1800.5033,-3777997.0,1,-1459.202,-3778102.2,1,-1322.29,-3778249.2
国道192号,0,-1079.1193,-3778452.2,1,-744.36414,-3778434.8
神山川島線,0,-1490.8655,-3776531.0,1,-1305.6852,-3776614.0,1,-1202.6631,-3776608.5,1,-1209.1813,-3776485.5,1,-1138.4307,-3776358.2,1,-1030.5198,-3776445.2,1,-925.86804,-3776470.5
国道192号,0,-744.36414,-3778434.8,1,-538.362,-3778424.0
神山川島線,0,-698.0588,-3777846.2,1,-689.91565,-3778000.0
国道192号,0,-538.362,-3778424.0,1,-222.8505,-3778530.8
神山川島線,0,-925.86804,-3776470.5,1,-1078.7732,-3776509.5,1,-1120.5088,-3776696.8,1,-1168.7603,-3776760.8,1,-1241.1361,-3776857.2,1,-1320.0308,-3776830.5,1,-1287.7559,-3776952.2,1,-1158.9829,-3776945.5,1,-1162.2421,-3776884.0,1,-1059.2233,-3776878.5
津田川島線,0,-3154.233,-3779734.0,1,-2949.8838,-3779692.2,1,-2887.3677,-3779411.2,1,-2388.7373,-3779076.5
津田川島線,0,-1751.5315,-3778919.5,1,-1650.1653,-3778883.5,1,-1574.5483,-3778848.5,1,-1384.5122,-3779023.5
津田川島線,0,-1212.4227,-3778860.2,1,-1140.066,-3778764.0
神山川島線,0,-1059.2233,-3776878.5,1,-1010.9721,-3776814.2,1,-954.5758,-3776903.8,1,-906.3242,-3776839.5,1,-819.28925,-3777020.0,1,-645.22723,-3777381.0,1,-688.59155,-3777537.5,1,-698.0588,-3777846.2
神山川島線,0,-689.91565,-3778000.0,1,-538.362,-3778424.0
津田川島線,0,-1140.066,-3778764.0,1,-1196.4574,-3778674.5,1,-1304.3502,-3778587.5,1,-1283.4926,-3778494.0,1,-1079.1193,-3778452.2
国道192号,0,-6500.1665,-3778492.8,1,-5671.1196,-3778541.2
国道192号,0,-1322.29,-3778249.2,1,-1187.0126,-3778365.5,1,-1079.1193,-3778452.2
国道192号,0,-4182.384,-3778369.8,1,-3747.8687,-3778285.0,1,-3316.6257,-3778138.8
国道192号,0,-5671.1196,-3778541.2,1,-4182.384,-3778369.8
津田川島線,0,-1384.5122,-3779023.5,1,-1212.4227,-3778860.2
神山川島線,0,-2305.6323,-3776265.8,1,-2271.7112,-3776418.0,1,-2142.9282,-3776411.2,1,-1959.3687,-3776463.2,1,-1832.2186,-3776425.8,1,-1756.5808,-3776391.0,1,-1729.1934,-3776420.2,1,-1574.6556,-3776412.2,1,-1568.133,-3776535.2,1,-1490.8655,-3776531.0
