# label, type1, x1, y1, type2, x2, y2, ...
11_2__lqS_w,0,-4051.0532,-3777797.8,1,-4265.9546,-3777814.5
11_2__lqS_g쓇,0,-916.68115,-3778168.5,1,-994.87823,-3778038.2
11_2__lqS_w,0,-4051.0532,-3777797.8,1,-4265.9546,-3777814.5
11_2__lqS_g쓇,0,-916.68115,-3778168.5,1,-994.87823,-3778038.2
