# label, type1, x1, y1, type2, x2, y2, ...
çëìπ193çÜ,0,-4835.3115,-3730328.5,1,-4893.5615,-3730701.5,1,-4815.922,-3730697.5,1,-4722.1255,-3731001.0,1,-4532.8975,-3731145.2,1,-4526.4365,-3731268.2
çëìπ55çÜ,0,-757.31696,-3726415.8,1,-775.20135,-3726570.8
çëìπ55çÜ,0,-3481.6855,-3724953.2,1,-3583.6536,-3724989.5,1,-3684.0117,-3725056.2,1,-4051.3606,-3724983.0,1,-4266.572,-3724840.0,1,-4397.6577,-3724816.0,1,-4535.1924,-3724669.0,1,-4719.686,-3724616.8,1,-4852.3906,-3724562.0,1,-5010.993,-3724508.8
çëìπ55çÜ,0,-996.1781,-3725317.8,1,-1102.9476,-3725261.8,1,-1468.6409,-3725219.0,1,-1598.1024,-3725225.5
çëìπ193çÜ,0,-3890.6313,-3730032.5,1,-4151.0557,-3730015.2,1,-4388.829,-3729935.0,1,-4667.067,-3730073.0
çëìπ193çÜ,0,-1694.5789,-3727358.5,1,-1496.2133,-3727329.8,1,-898.9034,-3727036.8,1,-829.4885,-3727023.8
çëìπ55çÜ,0,-996.1781,-3725317.8,1,-910.4995,-3725467.5,1,-781.32684,-3725954.2,1,-724.7457,-3726044.0
çëìπ55çÜ,0,-775.20135,-3726570.8,1,-793.0847,-3726726.0
çëìπ193çÜ,0,-1972.9133,-3727496.2,1,-2991.9937,-3727913.2,1,-3297.033,-3728185.0,1,-3488.2764,-3728250.5,1,-3536.0325,-3728379.5
çëìπ193çÜ,0,-4667.067,-3730073.0,1,-4817.509,-3730173.2,1,-4835.3115,-3730328.5
çëìπ193çÜ,0,-3536.0325,-3728379.5,1,-3587.9136,-3728875.5,1,-3469.9893,-3729640.5,1,-3486.204,-3729826.2,1,-3631.8218,-3730019.0,1,-3890.6313,-3730032.5
çëìπ55çÜ,0,-719.94434,-3726136.2,1,-736.2302,-3726322.0,1,-757.31696,-3726415.8
çëìπ55çÜ,0,-724.7457,-3726044.0,1,-719.94434,-3726136.2
